input, output
00000000,0
00000001,0
00000002,1
00000010,0
00000011,0
00000012,0
00000020,1
00000021,1
00000022,1
00000100,0
00000101,0
00000102,0
00000110,0
00000111,0
00000112,0
00000120,0
00000121,0
00000122,0
00000200,1
00000201,1
00000202,1
00000210,1
00000211,1
00000212,1
00000220,1
00000221,1
00000222,1
00001000,0
00001001,0
00001002,0
00001010,0
00001011,0
00001012,0
00001020,0
00001021,0
00001022,0
00001100,0
00001101,0
00001102,0
00001110,0
00001111,0
00001112,0
00001120,0
00001121,0
00001122,0
00001200,0
00001201,0
00001202,0
00001210,0
00001211,0
00001212,0
00001220,0
00001221,0
00001222,0
00002000,1
00002001,1
00002002,1
00002010,1
00002011,1
00002012,1
00002020,1
00002021,1
00002022,1
00002100,1
00002101,1
00002102,1
00002110,1
00002111,1
00002112,1
00002120,1
00002121,1
00002122,1
00002200,1
00002201,1
00002202,1
00002210,1
00002211,1
00002212,1
00002220,1
00002221,1
00002222,1
00010000,0
00010001,0
00010002,0
00010010,0
00010011,0
00010012,0
00010020,0
00010021,0
00010022,0
00010100,0
00010101,0
00010102,0
00010110,0
00010111,0
00010112,0
00010120,0
00010121,0
00010122,0
00010200,0
00010201,0
00010202,0
00010210,0
00010211,0
00010212,0
00010220,0
00010221,0
00010222,0
00011000,0
00011001,0
00011002,0
00011010,0
00011011,0
00011012,0
00011020,0
00011021,0
00011022,0
00011100,0
00011101,0
00011102,0
00011110,0
00011111,0
00011112,0
00011120,0
00011121,0
00011122,0
00011200,0
00011201,0
00011202,0
00011210,0
00011211,0
00011212,0
00011220,0
00011221,0
00011222,0
00012000,0
00012001,0
00012002,0
00012010,0
00012011,0
00012012,0
00012020,0
00012021,0
00012022,0
00012100,0
00012101,0
00012102,0
00012110,0
00012111,0
00012112,0
00012120,0
00012121,0
00012122,0
00012200,0
00012201,0
00012202,0
00012210,0
00012211,0
00012212,0
00012220,0
00012221,0
00012222,0
00020000,1
00020001,1
00020002,1
00020010,1
00020011,1
00020012,1
00020020,1
00020021,1
00020022,1
00020100,1
00020101,1
00020102,1
00020110,1
00020111,1
00020112,1
00020120,1
00020121,1
00020122,1
00020200,1
00020201,1
00020202,1
00020210,1
00020211,1
00020212,1
00020220,1
00020221,1
00020222,1
00021000,1
00021001,1
00021002,1
00021010,1
00021011,1
00021012,1
00021020,1
00021021,1
00021022,1
00021100,1
00021101,1
00021102,1
00021110,1
00021111,1
00021112,1
00021120,1
00021121,1
00021122,1
00021200,1
00021201,1
00021202,1
00021210,1
00021211,1
00021212,1
00021220,1
00021221,1
00021222,1
00022000,1
00022001,1
00022002,1
00022010,1
00022011,1
00022012,1
00022020,1
00022021,1
00022022,1
00022100,1
00022101,1
00022102,1
00022110,1
00022111,1
00022112,1
00022120,1
00022121,1
00022122,1
00022200,1
00022201,1
00022202,1
00022210,1
00022211,1
00022212,1
00022220,1
00022221,1
00022222,1
00100000,0
00100001,0
00100002,0
00100010,0
00100011,0
00100012,0
00100020,0
00100021,0
00100022,0
00100100,0
00100101,0
00100102,0
00100110,0
00100111,0
00100112,0
00100120,0
00100121,0
00100122,0
00100200,0
00100201,0
00100202,0
00100210,0
00100211,0
00100212,0
00100220,0
00100221,0
00100222,0
00101000,0
00101001,0
00101002,0
00101010,0
00101011,0
00101012,0
00101020,0
00101021,0
00101022,0
00101100,0
00101101,0
00101102,0
00101110,0
00101111,0
00101112,0
00101120,0
00101121,0
00101122,0
00101200,0
00101201,0
00101202,0
00101210,0
00101211,0
00101212,0
00101220,0
00101221,0
00101222,0
00102000,0
00102001,0
00102002,0
00102010,0
00102011,0
00102012,0
00102020,0
00102021,0
00102022,0
00102100,0
00102101,0
00102102,0
00102110,0
00102111,0
00102112,0
00102120,0
00102121,0
00102122,0
00102200,0
00102201,0
00102202,0
00102210,0
00102211,0
00102212,0
00102220,0
00102221,0
00102222,0
00110000,0
00110001,0
00110002,0
00110010,0
00110011,0
00110012,0
00110020,0
00110021,0
00110022,0
00110100,0
00110101,0
00110102,0
00110110,0
00110111,0
00110112,0
00110120,0
00110121,0
00110122,0
00110200,0
00110201,0
00110202,0
00110210,0
00110211,0
00110212,0
00110220,0
00110221,0
00110222,0
00111000,0
00111001,0
00111002,0
00111010,0
00111011,0
00111012,0
00111020,0
00111021,0
00111022,0
00111100,0
00111101,0
00111102,0
00111110,0
00111111,0
00111112,0
00111120,0
00111121,0
00111122,0
00111200,0
00111201,0
00111202,0
00111210,0
00111211,0
00111212,0
00111220,0
00111221,0
00111222,0
00112000,0
00112001,0
00112002,0
00112010,0
00112011,0
00112012,0
00112020,0
00112021,0
00112022,0
00112100,0
00112101,0
00112102,0
00112110,0
00112111,0
00112112,0
00112120,0
00112121,0
00112122,0
00112200,0
00112201,0
00112202,0
00112210,0
00112211,0
00112212,0
00112220,0
00112221,0
00112222,0
00120000,0
00120001,0
00120002,0
00120010,0
00120011,0
00120012,0
00120020,0
00120021,0
00120022,0
00120100,0
00120101,0
00120102,0
00120110,0
00120111,0
00120112,0
00120120,0
00120121,0
00120122,0
00120200,0
00120201,0
00120202,0
00120210,0
00120211,0
00120212,0
00120220,0
00120221,0
00120222,0
00121000,0
00121001,0
00121002,0
00121010,0
00121011,0
00121012,0
00121020,0
00121021,0
00121022,0
00121100,0
00121101,0
00121102,0
00121110,0
00121111,0
00121112,0
00121120,0
00121121,0
00121122,0
00121200,0
00121201,0
00121202,0
00121210,0
00121211,0
00121212,0
00121220,0
00121221,0
00121222,0
00122000,0
00122001,0
00122002,0
00122010,0
00122011,0
00122012,0
00122020,0
00122021,0
00122022,0
00122100,0
00122101,0
00122102,0
00122110,0
00122111,0
00122112,0
00122120,0
00122121,0
00122122,0
00122200,0
00122201,0
00122202,0
00122210,0
00122211,0
00122212,0
00122220,0
00122221,0
00122222,0
00200000,1
00200001,1
00200002,1
00200010,1
00200011,1
00200012,1
00200020,1
00200021,1
00200022,1
00200100,1
00200101,1
00200102,1
00200110,1
00200111,1
00200112,1
00200120,1
00200121,1
00200122,1
00200200,1
00200201,1
00200202,1
00200210,1
00200211,1
00200212,1
00200220,1
00200221,1
00200222,1
00201000,1
00201001,1
00201002,1
00201010,1
00201011,1
00201012,1
00201020,1
00201021,1
00201022,1
00201100,1
00201101,1
00201102,1
00201110,1
00201111,1
00201112,1
00201120,1
00201121,1
00201122,1
00201200,1
00201201,1
00201202,1
00201210,1
00201211,1
00201212,1
00201220,1
00201221,1
00201222,1
00202000,1
00202001,1
00202002,1
00202010,1
00202011,1
00202012,1
00202020,1
00202021,1
00202022,1
00202100,1
00202101,1
00202102,1
00202110,1
00202111,1
00202112,1
00202120,1
00202121,1
00202122,1
00202200,1
00202201,1
00202202,1
00202210,1
00202211,1
00202212,1
00202220,1
00202221,1
00202222,1
00210000,1
00210001,1
00210002,1
00210010,1
00210011,1
00210012,1
00210020,1
00210021,1
00210022,1
00210100,1
00210101,1
00210102,1
00210110,1
00210111,1
00210112,1
00210120,1
00210121,1
00210122,1
00210200,1
00210201,1
00210202,1
00210210,1
00210211,1
00210212,1
00210220,1
00210221,1
00210222,1
00211000,1
00211001,1
00211002,1
00211010,1
00211011,1
00211012,1
00211020,1
00211021,1
00211022,1
00211100,1
00211101,1
00211102,1
00211110,1
00211111,1
00211112,1
00211120,1
00211121,1
00211122,1
00211200,1
00211201,1
00211202,1
00211210,1
00211211,1
00211212,1
00211220,1
00211221,1
00211222,1
00212000,1
00212001,1
00212002,1
00212010,1
00212011,1
00212012,1
00212020,1
00212021,1
00212022,1
00212100,1
00212101,1
00212102,1
00212110,1
00212111,1
00212112,1
00212120,1
00212121,1
00212122,1
00212200,1
00212201,1
00212202,1
00212210,1
00212211,1
00212212,1
00212220,1
00212221,1
00212222,1
00220000,1
00220001,1
00220002,1
00220010,1
00220011,1
00220012,1
00220020,1
00220021,1
00220022,1
00220100,1
00220101,1
00220102,1
00220110,1
00220111,1
00220112,1
00220120,1
00220121,1
00220122,1
00220200,1
00220201,1
00220202,1
00220210,1
00220211,1
00220212,1
00220220,1
00220221,1
00220222,1
00221000,1
00221001,1
00221002,1
00221010,1
00221011,1
00221012,1
00221020,1
00221021,1
00221022,1
00221100,1
00221101,1
00221102,1
00221110,1
00221111,1
00221112,1
00221120,1
00221121,1
00221122,1
00221200,1
00221201,1
00221202,1
00221210,1
00221211,1
00221212,1
00221220,1
00221221,1
00221222,1
00222000,1
00222001,1
00222002,1
00222010,1
00222011,1
00222012,1
00222020,1
00222021,1
00222022,1
00222100,1
00222101,1
00222102,1
00222110,1
00222111,1
00222112,1
00222120,1
00222121,1
00222122,1
00222200,1
00222201,1
00222202,1
00222210,1
00222211,1
00222212,1
00222220,1
00222221,1
00222222,1
01000000,0
01000001,0
01000002,0
01000010,0
01000011,0
01000012,0
01000020,0
01000021,0
01000022,0
01000100,0
01000101,0
01000102,0
01000110,0
01000111,0
01000112,0
01000120,0
01000121,0
01000122,0
01000200,0
01000201,0
01000202,0
01000210,0
01000211,0
01000212,0
01000220,0
01000221,0
01000222,0
01001000,0
01001001,0
01001002,0
01001010,0
01001011,0
01001012,0
01001020,0
01001021,0
01001022,0
01001100,0
01001101,0
01001102,0
01001110,0
01001111,0
01001112,0
01001120,0
01001121,0
01001122,0
01001200,0
01001201,0
01001202,0
01001210,0
01001211,0
01001212,0
01001220,0
01001221,0
01001222,0
01002000,0
01002001,0
01002002,0
01002010,0
01002011,0
01002012,0
01002020,0
01002021,0
01002022,0
01002100,0
01002101,0
01002102,0
01002110,0
01002111,0
01002112,0
01002120,0
01002121,0
01002122,0
01002200,0
01002201,0
01002202,0
01002210,0
01002211,0
01002212,0
01002220,0
01002221,0
01002222,0
01010000,0
01010001,0
01010002,0
01010010,0
01010011,0
01010012,0
01010020,0
01010021,0
01010022,0
01010100,0
01010101,0
01010102,0
01010110,0
01010111,0
01010112,0
01010120,0
01010121,0
01010122,0
01010200,0
01010201,0
01010202,0
01010210,0
01010211,0
01010212,0
01010220,0
01010221,0
01010222,0
01011000,0
01011001,0
01011002,0
01011010,0
01011011,0
01011012,0
01011020,0
01011021,0
01011022,0
01011100,0
01011101,0
01011102,0
01011110,0
01011111,0
01011112,0
01011120,0
01011121,0
01011122,0
01011200,0
01011201,0
01011202,0
01011210,0
01011211,0
01011212,0
01011220,0
01011221,0
01011222,0
01012000,0
01012001,0
01012002,0
01012010,0
01012011,0
01012012,0
01012020,0
01012021,0
01012022,0
01012100,0
01012101,0
01012102,0
01012110,0
01012111,0
01012112,0
01012120,0
01012121,0
01012122,0
01012200,0
01012201,0
01012202,0
01012210,0
01012211,0
01012212,0
01012220,0
01012221,0
01012222,0
01020000,0
01020001,0
01020002,0
01020010,0
01020011,0
01020012,0
01020020,0
01020021,0
01020022,0
01020100,0
01020101,0
01020102,0
01020110,0
01020111,0
01020112,0
01020120,0
01020121,0
01020122,0
01020200,0
01020201,0
01020202,0
01020210,0
01020211,0
01020212,0
01020220,0
01020221,0
01020222,0
01021000,0
01021001,0
01021002,0
01021010,0
01021011,0
01021012,0
01021020,0
01021021,0
01021022,0
01021100,0
01021101,0
01021102,0
01021110,0
01021111,0
01021112,0
01021120,0
01021121,0
01021122,0
01021200,0
01021201,0
01021202,0
01021210,0
01021211,0
01021212,0
01021220,0
01021221,0
01021222,0
01022000,0
01022001,0
01022002,0
01022010,0
01022011,0
01022012,0
01022020,0
01022021,0
01022022,0
01022100,0
01022101,0
01022102,0
01022110,0
01022111,0
01022112,0
01022120,0
01022121,0
01022122,0
01022200,0
01022201,0
01022202,0
01022210,0
01022211,0
01022212,0
01022220,0
01022221,0
01022222,0
01100000,0
01100001,0
01100002,0
01100010,0
01100011,0
01100012,0
01100020,0
01100021,0
01100022,0
01100100,0
01100101,0
01100102,0
01100110,0
01100111,0
01100112,0
01100120,0
01100121,0
01100122,0
01100200,0
01100201,0
01100202,0
01100210,0
01100211,0
01100212,0
01100220,0
01100221,0
01100222,0
01101000,0
01101001,0
01101002,0
01101010,0
01101011,0
01101012,0
01101020,0
01101021,0
01101022,0
01101100,0
01101101,0
01101102,0
01101110,0
01101111,0
01101112,0
01101120,0
01101121,0
01101122,0
01101200,0
01101201,0
01101202,0
01101210,0
01101211,0
01101212,0
01101220,0
01101221,0
01101222,0
01102000,0
01102001,0
01102002,0
01102010,0
01102011,0
01102012,0
01102020,0
01102021,0
01102022,0
01102100,0
01102101,0
01102102,0
01102110,0
01102111,0
01102112,0
01102120,0
01102121,0
01102122,0
01102200,0
01102201,0
01102202,0
01102210,0
01102211,0
01102212,0
01102220,0
01102221,0
01102222,0
01110000,0
01110001,0
01110002,0
01110010,0
01110011,0
01110012,0
01110020,0
01110021,0
01110022,0
01110100,0
01110101,0
01110102,0
01110110,0
01110111,0
01110112,0
01110120,0
01110121,0
01110122,0
01110200,0
01110201,0
01110202,0
01110210,0
01110211,0
01110212,0
01110220,0
01110221,0
01110222,0
01111000,0
01111001,0
01111002,0
01111010,0
01111011,0
01111012,0
01111020,0
01111021,0
01111022,0
01111100,0
01111101,0
01111102,0
01111110,0
01111111,0
01111112,0
01111120,0
01111121,0
01111122,0
01111200,0
01111201,0
01111202,0
01111210,0
01111211,0
01111212,0
01111220,0
01111221,0
01111222,0
01112000,0
01112001,0
01112002,0
01112010,0
01112011,0
01112012,0
01112020,0
01112021,0
01112022,0
01112100,0
01112101,0
01112102,0
01112110,0
01112111,0
01112112,0
01112120,0
01112121,0
01112122,0
01112200,0
01112201,0
01112202,0
01112210,0
01112211,0
01112212,0
01112220,0
01112221,0
01112222,0
01120000,0
01120001,0
01120002,0
01120010,0
01120011,0
01120012,0
01120020,0
01120021,0
01120022,0
01120100,0
01120101,0
01120102,0
01120110,0
01120111,0
01120112,0
01120120,0
01120121,0
01120122,0
01120200,0
01120201,0
01120202,0
01120210,0
01120211,0
01120212,0
01120220,0
01120221,0
01120222,0
01121000,0
01121001,0
01121002,0
01121010,0
01121011,0
01121012,0
01121020,0
01121021,0
01121022,0
01121100,0
01121101,0
01121102,0
01121110,0
01121111,0
01121112,0
01121120,0
01121121,0
01121122,0
01121200,0
01121201,0
01121202,0
01121210,0
01121211,0
01121212,0
01121220,0
01121221,0
01121222,0
01122000,0
01122001,0
01122002,0
01122010,0
01122011,0
01122012,0
01122020,0
01122021,0
01122022,0
01122100,0
01122101,0
01122102,0
01122110,0
01122111,0
01122112,0
01122120,0
01122121,0
01122122,0
01122200,0
01122201,0
01122202,0
01122210,0
01122211,0
01122212,0
01122220,0
01122221,0
01122222,0
01200000,0
01200001,0
01200002,0
01200010,0
01200011,0
01200012,0
01200020,0
01200021,0
01200022,0
01200100,0
01200101,0
01200102,0
01200110,0
01200111,0
01200112,0
01200120,0
01200121,0
01200122,0
01200200,0
01200201,0
01200202,0
01200210,0
01200211,0
01200212,0
01200220,0
01200221,0
01200222,0
01201000,0
01201001,0
01201002,0
01201010,0
01201011,0
01201012,0
01201020,0
01201021,0
01201022,0
01201100,0
01201101,0
01201102,0
01201110,0
01201111,0
01201112,0
01201120,0
01201121,0
01201122,0
01201200,0
01201201,0
01201202,0
01201210,0
01201211,0
01201212,0
01201220,0
01201221,0
01201222,0
01202000,0
01202001,0
01202002,0
01202010,0
01202011,0
01202012,0
01202020,0
01202021,0
01202022,0
01202100,0
01202101,0
01202102,0
01202110,0
01202111,0
01202112,0
01202120,0
01202121,0
01202122,0
01202200,0
01202201,0
01202202,0
01202210,0
01202211,0
01202212,0
01202220,0
01202221,0
01202222,0
01210000,0
01210001,0
01210002,0
01210010,0
01210011,0
01210012,0
01210020,0
01210021,0
01210022,0
01210100,0
01210101,0
01210102,0
01210110,0
01210111,0
01210112,0
01210120,0
01210121,0
01210122,0
01210200,0
01210201,0
01210202,0
01210210,0
01210211,0
01210212,0
01210220,0
01210221,0
01210222,0
01211000,0
01211001,0
01211002,0
01211010,0
01211011,0
01211012,0
01211020,0
01211021,0
01211022,0
01211100,0
01211101,0
01211102,0
01211110,0
01211111,0
01211112,0
01211120,0
01211121,0
01211122,0
01211200,0
01211201,0
01211202,0
01211210,0
01211211,0
01211212,0
01211220,0
01211221,0
01211222,0
01212000,0
01212001,0
01212002,0
01212010,0
01212011,0
01212012,0
01212020,0
01212021,0
01212022,0
01212100,0
01212101,0
01212102,0
01212110,0
01212111,0
01212112,0
01212120,0
01212121,0
01212122,0
01212200,0
01212201,0
01212202,0
01212210,0
01212211,0
01212212,0
01212220,0
01212221,0
01212222,0
01220000,0
01220001,0
01220002,0
01220010,0
01220011,0
01220012,0
01220020,0
01220021,0
01220022,0
01220100,0
01220101,0
01220102,0
01220110,0
01220111,0
01220112,0
01220120,0
01220121,0
01220122,0
01220200,0
01220201,0
01220202,0
01220210,0
01220211,0
01220212,0
01220220,0
01220221,0
01220222,0
01221000,0
01221001,0
01221002,0
01221010,0
01221011,0
01221012,0
01221020,0
01221021,0
01221022,0
01221100,0
01221101,0
01221102,0
01221110,0
01221111,0
01221112,0
01221120,0
01221121,0
01221122,0
01221200,0
01221201,0
01221202,0
01221210,0
01221211,0
01221212,0
01221220,0
01221221,0
01221222,0
01222000,0
01222001,0
01222002,0
01222010,0
01222011,0
01222012,0
01222020,0
01222021,0
01222022,0
01222100,0
01222101,0
01222102,0
01222110,0
01222111,0
01222112,0
01222120,0
01222121,0
01222122,0
01222200,0
01222201,0
01222202,0
01222210,0
01222211,0
01222212,0
01222220,0
01222221,0
01222222,0
02000000,1
02000001,1
02000002,1
02000010,1
02000011,1
02000012,1
02000020,1
02000021,1
02000022,1
02000100,1
02000101,1
02000102,1
02000110,1
02000111,1
02000112,1
02000120,1
02000121,1
02000122,1
02000200,1
02000201,1
02000202,1
02000210,1
02000211,1
02000212,1
02000220,1
02000221,1
02000222,1
02001000,1
02001001,1
02001002,1
02001010,1
02001011,1
02001012,1
02001020,1
02001021,1
02001022,1
02001100,1
02001101,1
02001102,1
02001110,1
02001111,1
02001112,1
02001120,1
02001121,1
02001122,1
02001200,1
02001201,1
02001202,1
02001210,1
02001211,1
02001212,1
02001220,1
02001221,1
02001222,1
02002000,1
02002001,1
02002002,1
02002010,1
02002011,1
02002012,1
02002020,1
02002021,1
02002022,1
02002100,1
02002101,1
02002102,1
02002110,1
02002111,1
02002112,1
02002120,1
02002121,1
02002122,1
02002200,1
02002201,1
02002202,1
02002210,1
02002211,1
02002212,1
02002220,1
02002221,1
02002222,1
02010000,1
02010001,1
02010002,1
02010010,1
02010011,1
02010012,1
02010020,1
02010021,1
02010022,1
02010100,1
02010101,1
02010102,1
02010110,1
02010111,1
02010112,1
02010120,1
02010121,1
02010122,1
02010200,1
02010201,1
02010202,1
02010210,1
02010211,1
02010212,1
02010220,1
02010221,1
02010222,1
02011000,1
02011001,1
02011002,1
02011010,1
02011011,1
02011012,1
02011020,1
02011021,1
02011022,1
02011100,1
02011101,1
02011102,1
02011110,1
02011111,1
02011112,1
02011120,1
02011121,1
02011122,1
02011200,1
02011201,1
02011202,1
02011210,1
02011211,1
02011212,1
02011220,1
02011221,1
02011222,1
02012000,1
02012001,1
02012002,1
02012010,1
02012011,1
02012012,1
02012020,1
02012021,1
02012022,1
02012100,1
02012101,1
02012102,1
02012110,1
02012111,1
02012112,1
02012120,1
02012121,1
02012122,1
02012200,1
02012201,1
02012202,1
02012210,1
02012211,1
02012212,1
02012220,1
02012221,1
02012222,1
02020000,1
02020001,1
02020002,1
02020010,1
02020011,1
02020012,1
02020020,1
02020021,1
02020022,1
02020100,1
02020101,1
02020102,1
02020110,1
02020111,1
02020112,1
02020120,1
02020121,1
02020122,1
02020200,1
02020201,1
02020202,1
02020210,1
02020211,1
02020212,1
02020220,1
02020221,1
02020222,1
02021000,1
02021001,1
02021002,1
02021010,1
02021011,1
02021012,1
02021020,1
02021021,1
02021022,1
02021100,1
02021101,1
02021102,1
02021110,1
02021111,1
02021112,1
02021120,1
02021121,1
02021122,1
02021200,1
02021201,1
02021202,1
02021210,1
02021211,1
02021212,1
02021220,1
02021221,1
02021222,1
02022000,1
02022001,1
02022002,1
02022010,1
02022011,1
02022012,1
02022020,1
02022021,1
02022022,1
02022100,1
02022101,1
02022102,1
02022110,1
02022111,1
02022112,1
02022120,1
02022121,1
02022122,1
02022200,1
02022201,1
02022202,1
02022210,1
02022211,1
02022212,1
02022220,1
02022221,1
02022222,1
02100000,1
02100001,1
02100002,1
02100010,1
02100011,1
02100012,1
02100020,1
02100021,1
02100022,1
02100100,1
02100101,1
02100102,1
02100110,1
02100111,1
02100112,1
02100120,1
02100121,1
02100122,1
02100200,1
02100201,1
02100202,1
02100210,1
02100211,1
02100212,1
02100220,1
02100221,1
02100222,1
02101000,1
02101001,1
02101002,1
02101010,1
02101011,1
02101012,1
02101020,1
02101021,1
02101022,1
02101100,1
02101101,1
02101102,1
02101110,1
02101111,1
02101112,1
02101120,1
02101121,1
02101122,1
02101200,1
02101201,1
02101202,1
02101210,1
02101211,1
02101212,1
02101220,1
02101221,1
02101222,1
02102000,1
02102001,1
02102002,1
02102010,1
02102011,1
02102012,1
02102020,1
02102021,1
02102022,1
02102100,1
02102101,1
02102102,1
02102110,1
02102111,1
02102112,1
02102120,1
02102121,1
02102122,1
02102200,1
02102201,1
02102202,1
02102210,1
02102211,1
02102212,1
02102220,1
02102221,1
02102222,1
02110000,1
02110001,1
02110002,1
02110010,1
02110011,1
02110012,1
02110020,1
02110021,1
02110022,1
02110100,1
02110101,1
02110102,1
02110110,1
02110111,1
02110112,1
02110120,1
02110121,1
02110122,1
02110200,1
02110201,1
02110202,1
02110210,1
02110211,1
02110212,1
02110220,1
02110221,1
02110222,1
02111000,1
02111001,1
02111002,1
02111010,1
02111011,1
02111012,1
02111020,1
02111021,1
02111022,1
02111100,1
02111101,1
02111102,1
02111110,1
02111111,1
02111112,1
02111120,1
02111121,1
02111122,1
02111200,1
02111201,1
02111202,1
02111210,1
02111211,1
02111212,1
02111220,1
02111221,1
02111222,1
02112000,1
02112001,1
02112002,1
02112010,1
02112011,1
02112012,1
02112020,1
02112021,1
02112022,1
02112100,1
02112101,1
02112102,1
02112110,1
02112111,1
02112112,1
02112120,1
02112121,1
02112122,1
02112200,1
02112201,1
02112202,1
02112210,1
02112211,1
02112212,1
02112220,1
02112221,1
02112222,1
02120000,1
02120001,1
02120002,1
02120010,1
02120011,1
02120012,1
02120020,1
02120021,1
02120022,1
02120100,1
02120101,1
02120102,1
02120110,1
02120111,1
02120112,1
02120120,1
02120121,1
02120122,1
02120200,1
02120201,1
02120202,1
02120210,1
02120211,1
02120212,1
02120220,1
02120221,1
02120222,1
02121000,1
02121001,1
02121002,1
02121010,1
02121011,1
02121012,1
02121020,1
02121021,1
02121022,1
02121100,1
02121101,1
02121102,1
02121110,1
02121111,1
02121112,1
02121120,1
02121121,1
02121122,1
02121200,1
02121201,1
02121202,1
02121210,1
02121211,1
02121212,1
02121220,1
02121221,1
02121222,1
02122000,1
02122001,1
02122002,1
02122010,1
02122011,1
02122012,1
02122020,1
02122021,1
02122022,1
02122100,1
02122101,1
02122102,1
02122110,1
02122111,1
02122112,1
02122120,1
02122121,1
02122122,1
02122200,1
02122201,1
02122202,1
02122210,1
02122211,1
02122212,1
02122220,1
02122221,1
02122222,1
02200000,1
02200001,1
02200002,1
02200010,1
02200011,1
02200012,1
02200020,1
02200021,1
02200022,1
02200100,1
02200101,1
02200102,1
02200110,1
02200111,1
02200112,1
02200120,1
02200121,1
02200122,1
02200200,1
02200201,1
02200202,1
02200210,1
02200211,1
02200212,1
02200220,1
02200221,1
02200222,1
02201000,1
02201001,1
02201002,1
02201010,1
02201011,1
02201012,1
02201020,1
02201021,1
02201022,1
02201100,1
02201101,1
02201102,1
02201110,1
02201111,1
02201112,1
02201120,1
02201121,1
02201122,1
02201200,1
02201201,1
02201202,1
02201210,1
02201211,1
02201212,1
02201220,1
02201221,1
02201222,1
02202000,1
02202001,1
02202002,1
02202010,1
02202011,1
02202012,1
02202020,1
02202021,1
02202022,1
02202100,1
02202101,1
02202102,1
02202110,1
02202111,1
02202112,1
02202120,1
02202121,1
02202122,1
02202200,1
02202201,1
02202202,1
02202210,1
02202211,1
02202212,1
02202220,1
02202221,1
02202222,1
02210000,1
02210001,1
02210002,1
02210010,1
02210011,1
02210012,1
02210020,1
02210021,1
02210022,1
02210100,1
02210101,1
02210102,1
02210110,1
02210111,1
02210112,1
02210120,1
02210121,1
02210122,1
02210200,1
02210201,1
02210202,1
02210210,1
02210211,1
02210212,1
02210220,1
02210221,1
02210222,1
02211000,1
02211001,1
02211002,1
02211010,1
02211011,1
02211012,1
02211020,1
02211021,1
02211022,1
02211100,1
02211101,1
02211102,1
02211110,1
02211111,1
02211112,1
02211120,1
02211121,1
02211122,1
02211200,1
02211201,1
02211202,1
02211210,1
02211211,1
02211212,1
02211220,1
02211221,1
02211222,1
02212000,1
02212001,1
02212002,1
02212010,1
02212011,1
02212012,1
02212020,1
02212021,1
02212022,1
02212100,1
02212101,1
02212102,1
02212110,1
02212111,1
02212112,1
02212120,1
02212121,1
02212122,1
02212200,1
02212201,1
02212202,1
02212210,1
02212211,1
02212212,1
02212220,1
02212221,1
02212222,1
02220000,1
02220001,1
02220002,1
02220010,1
02220011,1
02220012,1
02220020,1
02220021,1
02220022,1
02220100,1
02220101,1
02220102,1
02220110,1
02220111,1
02220112,1
02220120,1
02220121,1
02220122,1
02220200,1
02220201,1
02220202,1
02220210,1
02220211,1
02220212,1
02220220,1
02220221,1
02220222,1
02221000,1
02221001,1
02221002,1
02221010,1
02221011,1
02221012,1
02221020,1
02221021,1
02221022,1
02221100,1
02221101,1
02221102,1
02221110,1
02221111,1
02221112,1
02221120,1
02221121,1
02221122,1
02221200,1
02221201,1
02221202,1
02221210,1
02221211,1
02221212,1
02221220,1
02221221,1
02221222,1
02222000,1
02222001,1
02222002,1
02222010,1
02222011,1
02222012,1
02222020,1
02222021,1
02222022,1
02222100,1
02222101,1
02222102,1
02222110,1
02222111,1
02222112,1
02222120,1
02222121,1
02222122,1
02222200,1
02222201,1
02222202,1
02222210,1
02222211,1
02222212,1
02222220,1
02222221,1
02222222,1
10000000,0
10000001,0
10000002,0
10000010,0
10000011,0
10000012,0
10000020,0
10000021,0
10000022,0
10000100,0
10000101,0
10000102,0
10000110,0
10000111,0
10000112,0
10000120,0
10000121,0
10000122,0
10000200,0
10000201,0
10000202,0
10000210,0
10000211,0
10000212,0
10000220,0
10000221,0
10000222,0
10001000,0
10001001,0
10001002,0
10001010,0
10001011,0
10001012,0
10001020,0
10001021,0
10001022,0
10001100,0
10001101,0
10001102,0
10001110,0
10001111,0
10001112,0
10001120,0
10001121,0
10001122,0
10001200,0
10001201,0
10001202,0
10001210,0
10001211,0
10001212,0
10001220,0
10001221,0
10001222,0
10002000,0
10002001,0
10002002,0
10002010,0
10002011,0
10002012,0
10002020,0
10002021,0
10002022,0
10002100,0
10002101,0
10002102,0
10002110,0
10002111,0
10002112,0
10002120,0
10002121,0
10002122,0
10002200,0
10002201,0
10002202,0
10002210,0
10002211,0
10002212,0
10002220,0
10002221,0
10002222,0
10010000,0
10010001,0
10010002,0
10010010,0
10010011,0
10010012,0
10010020,0
10010021,0
10010022,0
10010100,0
10010101,0
10010102,0
10010110,0
10010111,0
10010112,0
10010120,0
10010121,0
10010122,0
10010200,0
10010201,0
10010202,0
10010210,0
10010211,0
10010212,0
10010220,0
10010221,0
10010222,0
10011000,0
10011001,0
10011002,0
10011010,0
10011011,0
10011012,0
10011020,0
10011021,0
10011022,0
10011100,0
10011101,0
10011102,0
10011110,0
10011111,0
10011112,0
10011120,0
10011121,0
10011122,0
10011200,0
10011201,0
10011202,0
10011210,0
10011211,0
10011212,0
10011220,0
10011221,0
10011222,0
10012000,0
10012001,0
10012002,0
10012010,0
10012011,0
10012012,0
10012020,0
10012021,0
10012022,0
10012100,0
10012101,0
10012102,0
10012110,0
10012111,0
10012112,0
10012120,0
10012121,0
10012122,0
10012200,0
10012201,0
10012202,0
10012210,0
10012211,0
10012212,0
10012220,0
10012221,0
10012222,0
10020000,0
10020001,0
10020002,0
10020010,0
10020011,0
10020012,0
10020020,0
10020021,0
10020022,0
10020100,0
10020101,0
10020102,0
10020110,0
10020111,0
10020112,0
10020120,0
10020121,0
10020122,0
10020200,0
10020201,0
10020202,0
10020210,0
10020211,0
10020212,0
10020220,0
10020221,0
10020222,0
10021000,0
10021001,0
10021002,0
10021010,0
10021011,0
10021012,0
10021020,0
10021021,0
10021022,0
10021100,0
10021101,0
10021102,0
10021110,0
10021111,0
10021112,0
10021120,0
10021121,0
10021122,0
10021200,0
10021201,0
10021202,0
10021210,0
10021211,0
10021212,0
10021220,0
10021221,0
10021222,0
10022000,0
10022001,0
10022002,0
10022010,0
10022011,0
10022012,0
10022020,0
10022021,0
10022022,0
10022100,0
10022101,0
10022102,0
10022110,0
10022111,0
10022112,0
10022120,0
10022121,0
10022122,0
10022200,0
10022201,0
10022202,0
10022210,0
10022211,0
10022212,0
10022220,0
10022221,0
10022222,0
10100000,0
10100001,0
10100002,0
10100010,0
10100011,0
10100012,0
10100020,0
10100021,0
10100022,0
10100100,0
10100101,0
10100102,0
10100110,0
10100111,0
10100112,0
10100120,0
10100121,0
10100122,0
10100200,0
10100201,0
10100202,0
10100210,0
10100211,0
10100212,0
10100220,0
10100221,0
10100222,0
10101000,0
10101001,0
10101002,0
10101010,0
10101011,0
10101012,0
10101020,0
10101021,0
10101022,0
10101100,0
10101101,0
10101102,0
10101110,0
10101111,0
10101112,0
10101120,0
10101121,0
10101122,0
10101200,0
10101201,0
10101202,0
10101210,0
10101211,0
10101212,0
10101220,0
10101221,0
10101222,0
10102000,0
10102001,0
10102002,0
10102010,0
10102011,0
10102012,0
10102020,0
10102021,0
10102022,0
10102100,0
10102101,0
10102102,0
10102110,0
10102111,0
10102112,0
10102120,0
10102121,0
10102122,0
10102200,0
10102201,0
10102202,0
10102210,0
10102211,0
10102212,0
10102220,0
10102221,0
10102222,0
10110000,0
10110001,0
10110002,0
10110010,0
10110011,0
10110012,0
10110020,0
10110021,0
10110022,0
10110100,0
10110101,0
10110102,0
10110110,0
10110111,0
10110112,0
10110120,0
10110121,0
10110122,0
10110200,0
10110201,0
10110202,0
10110210,0
10110211,0
10110212,0
10110220,0
10110221,0
10110222,0
10111000,0
10111001,0
10111002,0
10111010,0
10111011,0
10111012,0
10111020,0
10111021,0
10111022,0
10111100,0
10111101,0
10111102,0
10111110,0
10111111,0
10111112,0
10111120,0
10111121,0
10111122,0
10111200,0
10111201,0
10111202,0
10111210,0
10111211,0
10111212,0
10111220,0
10111221,0
10111222,0
10112000,0
10112001,0
10112002,0
10112010,0
10112011,0
10112012,0
10112020,0
10112021,0
10112022,0
10112100,0
10112101,0
10112102,0
10112110,0
10112111,0
10112112,0
10112120,0
10112121,0
10112122,0
10112200,0
10112201,0
10112202,0
10112210,0
10112211,0
10112212,0
10112220,0
10112221,0
10112222,0
10120000,0
10120001,0
10120002,0
10120010,0
10120011,0
10120012,0
10120020,0
10120021,0
10120022,0
10120100,0
10120101,0
10120102,0
10120110,0
10120111,0
10120112,0
10120120,0
10120121,0
10120122,0
10120200,0
10120201,0
10120202,0
10120210,0
10120211,0
10120212,0
10120220,0
10120221,0
10120222,0
10121000,0
10121001,0
10121002,0
10121010,0
10121011,0
10121012,0
10121020,0
10121021,0
10121022,0
10121100,0
10121101,0
10121102,0
10121110,0
10121111,0
10121112,0
10121120,0
10121121,0
10121122,0
10121200,0
10121201,0
10121202,0
10121210,0
10121211,0
10121212,0
10121220,0
10121221,0
10121222,0
10122000,0
10122001,0
10122002,0
10122010,0
10122011,0
10122012,0
10122020,0
10122021,0
10122022,0
10122100,0
10122101,0
10122102,0
10122110,0
10122111,0
10122112,0
10122120,0
10122121,0
10122122,0
10122200,0
10122201,0
10122202,0
10122210,0
10122211,0
10122212,0
10122220,0
10122221,0
10122222,0
10200000,0
10200001,0
10200002,0
10200010,0
10200011,0
10200012,0
10200020,0
10200021,0
10200022,0
10200100,0
10200101,0
10200102,0
10200110,0
10200111,0
10200112,0
10200120,0
10200121,0
10200122,0
10200200,0
10200201,0
10200202,0
10200210,0
10200211,0
10200212,0
10200220,0
10200221,0
10200222,0
10201000,0
10201001,0
10201002,0
10201010,0
10201011,0
10201012,0
10201020,0
10201021,0
10201022,0
10201100,0
10201101,0
10201102,0
10201110,0
10201111,0
10201112,0
10201120,0
10201121,0
10201122,0
10201200,0
10201201,0
10201202,0
10201210,0
10201211,0
10201212,0
10201220,0
10201221,0
10201222,0
10202000,0
10202001,0
10202002,0
10202010,0
10202011,0
10202012,0
10202020,0
10202021,0
10202022,0
10202100,0
10202101,0
10202102,0
10202110,0
10202111,0
10202112,0
10202120,0
10202121,0
10202122,0
10202200,0
10202201,0
10202202,0
10202210,0
10202211,0
10202212,0
10202220,0
10202221,0
10202222,0
10210000,0
10210001,0
10210002,0
10210010,0
10210011,0
10210012,0
10210020,0
10210021,0
10210022,0
10210100,0
10210101,0
10210102,0
10210110,0
10210111,0
10210112,0
10210120,0
10210121,0
10210122,0
10210200,0
10210201,0
10210202,0
10210210,0
10210211,0
10210212,0
10210220,0
10210221,0
10210222,0
10211000,0
10211001,0
10211002,0
10211010,0
10211011,0
10211012,0
10211020,0
10211021,0
10211022,0
10211100,0
10211101,0
10211102,0
10211110,0
10211111,0
10211112,0
10211120,0
10211121,0
10211122,0
10211200,0
10211201,0
10211202,0
10211210,0
10211211,0
10211212,0
10211220,0
10211221,0
10211222,0
10212000,0
10212001,0
10212002,0
10212010,0
10212011,0
10212012,0
10212020,0
10212021,0
10212022,0
10212100,0
10212101,0
10212102,0
10212110,0
10212111,0
10212112,0
10212120,0
10212121,0
10212122,0
10212200,0
10212201,0
10212202,0
10212210,0
10212211,0
10212212,0
10212220,0
10212221,0
10212222,0
10220000,0
10220001,0
10220002,0
10220010,0
10220011,0
10220012,0
10220020,0
10220021,0
10220022,0
10220100,0
10220101,0
10220102,0
10220110,0
10220111,0
10220112,0
10220120,0
10220121,0
10220122,0
10220200,0
10220201,0
10220202,0
10220210,0
10220211,0
10220212,0
10220220,0
10220221,0
10220222,0
10221000,0
10221001,0
10221002,0
10221010,0
10221011,0
10221012,0
10221020,0
10221021,0
10221022,0
10221100,0
10221101,0
10221102,0
10221110,0
10221111,0
10221112,0
10221120,0
10221121,0
10221122,0
10221200,0
10221201,0
10221202,0
10221210,0
10221211,0
10221212,0
10221220,0
10221221,0
10221222,0
10222000,0
10222001,0
10222002,0
10222010,0
10222011,0
10222012,0
10222020,0
10222021,0
10222022,0
10222100,0
10222101,0
10222102,0
10222110,0
10222111,0
10222112,0
10222120,0
10222121,0
10222122,0
10222200,0
10222201,0
10222202,0
10222210,0
10222211,0
10222212,0
10222220,0
10222221,0
10222222,0
11000000,0
11000001,0
11000002,0
11000010,0
11000011,0
11000012,0
11000020,0
11000021,0
11000022,0
11000100,0
11000101,0
11000102,0
11000110,0
11000111,0
11000112,0
11000120,0
11000121,0
11000122,0
11000200,0
11000201,0
11000202,0
11000210,0
11000211,0
11000212,0
11000220,0
11000221,0
11000222,0
11001000,0
11001001,0
11001002,0
11001010,0
11001011,0
11001012,0
11001020,0
11001021,0
11001022,0
11001100,0
11001101,0
11001102,0
11001110,0
11001111,0
11001112,0
11001120,0
11001121,0
11001122,0
11001200,0
11001201,0
11001202,0
11001210,0
11001211,0
11001212,0
11001220,0
11001221,0
11001222,0
11002000,0
11002001,0
11002002,0
11002010,0
11002011,0
11002012,0
11002020,0
11002021,0
11002022,0
11002100,0
11002101,0
11002102,0
11002110,0
11002111,0
11002112,0
11002120,0
11002121,0
11002122,0
11002200,0
11002201,0
11002202,0
11002210,0
11002211,0
11002212,0
11002220,0
11002221,0
11002222,0
11010000,0
11010001,0
11010002,0
11010010,0
11010011,0
11010012,0
11010020,0
11010021,0
11010022,0
11010100,0
11010101,0
11010102,0
11010110,0
11010111,0
11010112,0
11010120,0
11010121,0
11010122,0
11010200,0
11010201,0
11010202,0
11010210,0
11010211,0
11010212,0
11010220,0
11010221,0
11010222,0
11011000,0
11011001,0
11011002,0
11011010,0
11011011,0
11011012,0
11011020,0
11011021,0
11011022,0
11011100,0
11011101,0
11011102,0
11011110,0
11011111,0
11011112,0
11011120,0
11011121,0
11011122,0
11011200,0
11011201,0
11011202,0
11011210,0
11011211,0
11011212,0
11011220,0
11011221,0
11011222,0
11012000,0
11012001,0
11012002,0
11012010,0
11012011,0
11012012,0
11012020,0
11012021,0
11012022,0
11012100,0
11012101,0
11012102,0
11012110,0
11012111,0
11012112,0
11012120,0
11012121,0
11012122,0
11012200,0
11012201,0
11012202,0
11012210,0
11012211,0
11012212,0
11012220,0
11012221,0
11012222,0
11020000,0
11020001,0
11020002,0
11020010,0
11020011,0
11020012,0
11020020,0
11020021,0
11020022,0
11020100,0
11020101,0
11020102,0
11020110,0
11020111,0
11020112,0
11020120,0
11020121,0
11020122,0
11020200,0
11020201,0
11020202,0
11020210,0
11020211,0
11020212,0
11020220,0
11020221,0
11020222,0
11021000,0
11021001,0
11021002,0
11021010,0
11021011,0
11021012,0
11021020,0
11021021,0
11021022,0
11021100,0
11021101,0
11021102,0
11021110,0
11021111,0
11021112,0
11021120,0
11021121,0
11021122,0
11021200,0
11021201,0
11021202,0
11021210,0
11021211,0
11021212,0
11021220,0
11021221,0
11021222,0
11022000,0
11022001,0
11022002,0
11022010,0
11022011,0
11022012,0
11022020,0
11022021,0
11022022,0
11022100,0
11022101,0
11022102,0
11022110,0
11022111,0
11022112,0
11022120,0
11022121,0
11022122,0
11022200,0
11022201,0
11022202,0
11022210,0
11022211,0
11022212,0
11022220,0
11022221,0
11022222,0
11100000,0
11100001,0
11100002,0
11100010,0
11100011,0
11100012,0
11100020,0
11100021,0
11100022,0
11100100,0
11100101,0
11100102,0
11100110,0
11100111,0
11100112,0
11100120,0
11100121,0
11100122,0
11100200,0
11100201,0
11100202,0
11100210,0
11100211,0
11100212,0
11100220,0
11100221,0
11100222,0
11101000,0
11101001,0
11101002,0
11101010,0
11101011,0
11101012,0
11101020,0
11101021,0
11101022,0
11101100,0
11101101,0
11101102,0
11101110,0
11101111,0
11101112,0
11101120,0
11101121,0
11101122,0
11101200,0
11101201,0
11101202,0
11101210,0
11101211,0
11101212,0
11101220,0
11101221,0
11101222,0
11102000,0
11102001,0
11102002,0
11102010,0
11102011,0
11102012,0
11102020,0
11102021,0
11102022,0
11102100,0
11102101,0
11102102,0
11102110,0
11102111,0
11102112,0
11102120,0
11102121,0
11102122,0
11102200,0
11102201,0
11102202,0
11102210,0
11102211,0
11102212,0
11102220,0
11102221,0
11102222,0
11110000,0
11110001,0
11110002,0
11110010,0
11110011,0
11110012,0
11110020,0
11110021,0
11110022,0
11110100,0
11110101,0
11110102,0
11110110,0
11110111,0
11110112,0
11110120,0
11110121,0
11110122,0
11110200,0
11110201,0
11110202,0
11110210,0
11110211,0
11110212,0
11110220,0
11110221,0
11110222,0
11111000,0
11111001,0
11111002,0
11111010,0
11111011,0
11111012,0
11111020,0
11111021,0
11111022,0
11111100,0
11111101,0
11111102,0
11111110,0
11111111,0
11111112,0
11111120,0
11111121,0
11111122,0
11111200,0
11111201,0
11111202,0
11111210,0
11111211,0
11111212,0
11111220,0
11111221,0
11111222,0
11112000,0
11112001,0
11112002,0
11112010,0
11112011,0
11112012,0
11112020,0
11112021,0
11112022,0
11112100,0
11112101,0
11112102,0
11112110,0
11112111,0
11112112,0
11112120,0
11112121,0
11112122,0
11112200,0
11112201,0
11112202,0
11112210,0
11112211,0
11112212,0
11112220,0
11112221,0
11112222,0
11120000,0
11120001,0
11120002,0
11120010,0
11120011,0
11120012,0
11120020,0
11120021,0
11120022,0
11120100,0
11120101,0
11120102,0
11120110,0
11120111,0
11120112,0
11120120,0
11120121,0
11120122,0
11120200,0
11120201,0
11120202,0
11120210,0
11120211,0
11120212,0
11120220,0
11120221,0
11120222,0
11121000,0
11121001,0
11121002,0
11121010,0
11121011,0
11121012,0
11121020,0
11121021,0
11121022,0
11121100,0
11121101,0
11121102,0
11121110,0
11121111,0
11121112,0
11121120,0
11121121,0
11121122,0
11121200,0
11121201,0
11121202,0
11121210,0
11121211,0
11121212,0
11121220,0
11121221,0
11121222,0
11122000,0
11122001,0
11122002,0
11122010,0
11122011,0
11122012,0
11122020,0
11122021,0
11122022,0
11122100,0
11122101,0
11122102,0
11122110,0
11122111,0
11122112,0
11122120,0
11122121,0
11122122,0
11122200,0
11122201,0
11122202,0
11122210,0
11122211,0
11122212,0
11122220,0
11122221,0
11122222,0
11200000,0
11200001,0
11200002,0
11200010,0
11200011,0
11200012,0
11200020,0
11200021,0
11200022,0
11200100,0
11200101,0
11200102,0
11200110,0
11200111,0
11200112,0
11200120,0
11200121,0
11200122,0
11200200,0
11200201,0
11200202,0
11200210,0
11200211,0
11200212,0
11200220,0
11200221,0
11200222,0
11201000,0
11201001,0
11201002,0
11201010,0
11201011,0
11201012,0
11201020,0
11201021,0
11201022,0
11201100,0
11201101,0
11201102,0
11201110,0
11201111,0
11201112,0
11201120,0
11201121,0
11201122,0
11201200,0
11201201,0
11201202,0
11201210,0
11201211,0
11201212,0
11201220,0
11201221,0
11201222,0
11202000,0
11202001,0
11202002,0
11202010,0
11202011,0
11202012,0
11202020,0
11202021,0
11202022,0
11202100,0
11202101,0
11202102,0
11202110,0
11202111,0
11202112,0
11202120,0
11202121,0
11202122,0
11202200,0
11202201,0
11202202,0
11202210,0
11202211,0
11202212,0
11202220,0
11202221,0
11202222,0
11210000,0
11210001,0
11210002,0
11210010,0
11210011,0
11210012,0
11210020,0
11210021,0
11210022,0
11210100,0
11210101,0
11210102,0
11210110,0
11210111,0
11210112,0
11210120,0
11210121,0
11210122,0
11210200,0
11210201,0
11210202,0
11210210,0
11210211,0
11210212,0
11210220,0
11210221,0
11210222,0
11211000,0
11211001,0
11211002,0
11211010,0
11211011,0
11211012,0
11211020,0
11211021,0
11211022,0
11211100,0
11211101,0
11211102,0
11211110,0
11211111,0
11211112,0
11211120,0
11211121,0
11211122,0
11211200,0
11211201,0
11211202,0
11211210,0
11211211,0
11211212,0
11211220,0
11211221,0
11211222,0
11212000,0
11212001,0
11212002,0
11212010,0
11212011,0
11212012,0
11212020,0
11212021,0
11212022,0
11212100,0
11212101,0
11212102,0
11212110,0
11212111,0
11212112,0
11212120,0
11212121,0
11212122,0
11212200,0
11212201,0
11212202,0
11212210,0
11212211,0
11212212,0
11212220,0
11212221,0
11212222,0
11220000,0
11220001,0
11220002,0
11220010,0
11220011,0
11220012,0
11220020,0
11220021,0
11220022,0
11220100,0
11220101,0
11220102,0
11220110,0
11220111,0
11220112,0
11220120,0
11220121,0
11220122,0
11220200,0
11220201,0
11220202,0
11220210,0
11220211,0
11220212,0
11220220,0
11220221,0
11220222,0
11221000,0
11221001,0
11221002,0
11221010,0
11221011,0
11221012,0
11221020,0
11221021,0
11221022,0
11221100,0
11221101,0
11221102,0
11221110,0
11221111,0
11221112,0
11221120,0
11221121,0
11221122,0
11221200,0
11221201,0
11221202,0
11221210,0
11221211,0
11221212,0
11221220,0
11221221,0
11221222,0
11222000,0
11222001,0
11222002,0
11222010,0
11222011,0
11222012,0
11222020,0
11222021,0
11222022,0
11222100,0
11222101,0
11222102,0
11222110,0
11222111,0
11222112,0
11222120,0
11222121,0
11222122,0
11222200,0
11222201,0
11222202,0
11222210,0
11222211,0
11222212,0
11222220,0
11222221,0
11222222,0
12000000,0
12000001,0
12000002,0
12000010,0
12000011,0
12000012,0
12000020,0
12000021,0
12000022,0
12000100,0
12000101,0
12000102,0
12000110,0
12000111,0
12000112,0
12000120,0
12000121,0
12000122,0
12000200,0
12000201,0
12000202,0
12000210,0
12000211,0
12000212,0
12000220,0
12000221,0
12000222,0
12001000,0
12001001,0
12001002,0
12001010,0
12001011,0
12001012,0
12001020,0
12001021,0
12001022,0
12001100,0
12001101,0
12001102,0
12001110,0
12001111,0
12001112,0
12001120,0
12001121,0
12001122,0
12001200,0
12001201,0
12001202,0
12001210,0
12001211,0
12001212,0
12001220,0
12001221,0
12001222,0
12002000,0
12002001,0
12002002,0
12002010,0
12002011,0
12002012,0
12002020,0
12002021,0
12002022,0
12002100,0
12002101,0
12002102,0
12002110,0
12002111,0
12002112,0
12002120,0
12002121,0
12002122,0
12002200,0
12002201,0
12002202,0
12002210,0
12002211,0
12002212,0
12002220,0
12002221,0
12002222,0
12010000,0
12010001,0
12010002,0
12010010,0
12010011,0
12010012,0
12010020,0
12010021,0
12010022,0
12010100,0
12010101,0
12010102,0
12010110,0
12010111,0
12010112,0
12010120,0
12010121,0
12010122,0
12010200,0
12010201,0
12010202,0
12010210,0
12010211,0
12010212,0
12010220,0
12010221,0
12010222,0
12011000,0
12011001,0
12011002,0
12011010,0
12011011,0
12011012,0
12011020,0
12011021,0
12011022,0
12011100,0
12011101,0
12011102,0
12011110,0
12011111,0
12011112,0
12011120,0
12011121,0
12011122,0
12011200,0
12011201,0
12011202,0
12011210,0
12011211,0
12011212,0
12011220,0
12011221,0
12011222,0
12012000,0
12012001,0
12012002,0
12012010,0
12012011,0
12012012,0
12012020,0
12012021,0
12012022,0
12012100,0
12012101,0
12012102,0
12012110,0
12012111,0
12012112,0
12012120,0
12012121,0
12012122,0
12012200,0
12012201,0
12012202,0
12012210,0
12012211,0
12012212,0
12012220,0
12012221,0
12012222,0
12020000,0
12020001,0
12020002,0
12020010,0
12020011,0
12020012,0
12020020,0
12020021,0
12020022,0
12020100,0
12020101,0
12020102,0
12020110,0
12020111,0
12020112,0
12020120,0
12020121,0
12020122,0
12020200,0
12020201,0
12020202,0
12020210,0
12020211,0
12020212,0
12020220,0
12020221,0
12020222,0
12021000,0
12021001,0
12021002,0
12021010,0
12021011,0
12021012,0
12021020,0
12021021,0
12021022,0
12021100,0
12021101,0
12021102,0
12021110,0
12021111,0
12021112,0
12021120,0
12021121,0
12021122,0
12021200,0
12021201,0
12021202,0
12021210,0
12021211,0
12021212,0
12021220,0
12021221,0
12021222,0
12022000,0
12022001,0
12022002,0
12022010,0
12022011,0
12022012,0
12022020,0
12022021,0
12022022,0
12022100,0
12022101,0
12022102,0
12022110,0
12022111,0
12022112,0
12022120,0
12022121,0
12022122,0
12022200,0
12022201,0
12022202,0
12022210,0
12022211,0
12022212,0
12022220,0
12022221,0
12022222,0
12100000,0
12100001,0
12100002,0
12100010,0
12100011,0
12100012,0
12100020,0
12100021,0
12100022,0
12100100,0
12100101,0
12100102,0
12100110,0
12100111,0
12100112,0
12100120,0
12100121,0
12100122,0
12100200,0
12100201,0
12100202,0
12100210,0
12100211,0
12100212,0
12100220,0
12100221,0
12100222,0
12101000,0
12101001,0
12101002,0
12101010,0
12101011,0
12101012,0
12101020,0
12101021,0
12101022,0
12101100,0
12101101,0
12101102,0
12101110,0
12101111,0
12101112,0
12101120,0
12101121,0
12101122,0
12101200,0
12101201,0
12101202,0
12101210,0
12101211,0
12101212,0
12101220,0
12101221,0
12101222,0
12102000,0
12102001,0
12102002,0
12102010,0
12102011,0
12102012,0
12102020,0
12102021,0
12102022,0
12102100,0
12102101,0
12102102,0
12102110,0
12102111,0
12102112,0
12102120,0
12102121,0
12102122,0
12102200,0
12102201,0
12102202,0
12102210,0
12102211,0
12102212,0
12102220,0
12102221,0
12102222,0
12110000,0
12110001,0
12110002,0
12110010,0
12110011,0
12110012,0
12110020,0
12110021,0
12110022,0
12110100,0
12110101,0
12110102,0
12110110,0
12110111,0
12110112,0
12110120,0
12110121,0
12110122,0
12110200,0
12110201,0
12110202,0
12110210,0
12110211,0
12110212,0
12110220,0
12110221,0
12110222,0
12111000,0
12111001,0
12111002,0
12111010,0
12111011,0
12111012,0
12111020,0
12111021,0
12111022,0
12111100,0
12111101,0
12111102,0
12111110,0
12111111,0
12111112,0
12111120,0
12111121,0
12111122,0
12111200,0
12111201,0
12111202,0
12111210,0
12111211,0
12111212,0
12111220,0
12111221,0
12111222,0
12112000,0
12112001,0
12112002,0
12112010,0
12112011,0
12112012,0
12112020,0
12112021,0
12112022,0
12112100,0
12112101,0
12112102,0
12112110,0
12112111,0
12112112,0
12112120,0
12112121,0
12112122,0
12112200,0
12112201,0
12112202,0
12112210,0
12112211,0
12112212,0
12112220,0
12112221,0
12112222,0
12120000,0
12120001,0
12120002,0
12120010,0
12120011,0
12120012,0
12120020,0
12120021,0
12120022,0
12120100,0
12120101,0
12120102,0
12120110,0
12120111,0
12120112,0
12120120,0
12120121,0
12120122,0
12120200,0
12120201,0
12120202,0
12120210,0
12120211,0
12120212,0
12120220,0
12120221,0
12120222,0
12121000,0
12121001,0
12121002,0
12121010,0
12121011,0
12121012,0
12121020,0
12121021,0
12121022,0
12121100,0
12121101,0
12121102,0
12121110,0
12121111,0
12121112,0
12121120,0
12121121,0
12121122,0
12121200,0
12121201,0
12121202,0
12121210,0
12121211,0
12121212,0
12121220,0
12121221,0
12121222,0
12122000,0
12122001,0
12122002,0
12122010,0
12122011,0
12122012,0
12122020,0
12122021,0
12122022,0
12122100,0
12122101,0
12122102,0
12122110,0
12122111,0
12122112,0
12122120,0
12122121,0
12122122,0
12122200,0
12122201,0
12122202,0
12122210,0
12122211,0
12122212,0
12122220,0
12122221,0
12122222,0
12200000,0
12200001,0
12200002,0
12200010,0
12200011,0
12200012,0
12200020,0
12200021,0
12200022,0
12200100,0
12200101,0
12200102,0
12200110,0
12200111,0
12200112,0
12200120,0
12200121,0
12200122,0
12200200,0
12200201,0
12200202,0
12200210,0
12200211,0
12200212,0
12200220,0
12200221,0
12200222,0
12201000,0
12201001,0
12201002,0
12201010,0
12201011,0
12201012,0
12201020,0
12201021,0
12201022,0
12201100,0
12201101,0
12201102,0
12201110,0
12201111,0
12201112,0
12201120,0
12201121,0
12201122,0
12201200,0
12201201,0
12201202,0
12201210,0
12201211,0
12201212,0
12201220,0
12201221,0
12201222,0
12202000,0
12202001,0
12202002,0
12202010,0
12202011,0
12202012,0
12202020,0
12202021,0
12202022,0
12202100,0
12202101,0
12202102,0
12202110,0
12202111,0
12202112,0
12202120,0
12202121,0
12202122,0
12202200,0
12202201,0
12202202,0
12202210,0
12202211,0
12202212,0
12202220,0
12202221,0
12202222,0
12210000,0
12210001,0
12210002,0
12210010,0
12210011,0
12210012,0
12210020,0
12210021,0
12210022,0
12210100,0
12210101,0
12210102,0
12210110,0
12210111,0
12210112,0
12210120,0
12210121,0
12210122,0
12210200,0
12210201,0
12210202,0
12210210,0
12210211,0
12210212,0
12210220,0
12210221,0
12210222,0
12211000,0
12211001,0
12211002,0
12211010,0
12211011,0
12211012,0
12211020,0
12211021,0
12211022,0
12211100,0
12211101,0
12211102,0
12211110,0
12211111,0
12211112,0
12211120,0
12211121,0
12211122,0
12211200,0
12211201,0
12211202,0
12211210,0
12211211,0
12211212,0
12211220,0
12211221,0
12211222,0
12212000,0
12212001,0
12212002,0
12212010,0
12212011,0
12212012,0
12212020,0
12212021,0
12212022,0
12212100,0
12212101,0
12212102,0
12212110,0
12212111,0
12212112,0
12212120,0
12212121,0
12212122,0
12212200,0
12212201,0
12212202,0
12212210,0
12212211,0
12212212,0
12212220,0
12212221,0
12212222,0
12220000,0
12220001,0
12220002,0
12220010,0
12220011,0
12220012,0
12220020,0
12220021,0
12220022,0
12220100,0
12220101,0
12220102,0
12220110,0
12220111,0
12220112,0
12220120,0
12220121,0
12220122,0
12220200,0
12220201,0
12220202,0
12220210,0
12220211,0
12220212,0
12220220,0
12220221,0
12220222,0
12221000,0
12221001,0
12221002,0
12221010,0
12221011,0
12221012,0
12221020,0
12221021,0
12221022,0
12221100,0
12221101,0
12221102,0
12221110,0
12221111,0
12221112,0
12221120,0
12221121,0
12221122,0
12221200,0
12221201,0
12221202,0
12221210,0
12221211,0
12221212,0
12221220,0
12221221,0
12221222,0
12222000,0
12222001,0
12222002,0
12222010,0
12222011,0
12222012,0
12222020,0
12222021,0
12222022,0
12222100,0
12222101,0
12222102,0
12222110,0
12222111,0
12222112,0
12222120,0
12222121,0
12222122,0
12222200,0
12222201,0
12222202,0
12222210,0
12222211,0
12222212,0
12222220,0
12222221,0
12222222,0
20000000,1
20000001,1
20000002,1
20000010,1
20000011,1
20000012,1
20000020,1
20000021,1
20000022,1
20000100,1
20000101,1
20000102,1
20000110,1
20000111,1
20000112,1
20000120,1
20000121,1
20000122,1
20000200,1
20000201,1
20000202,1
20000210,1
20000211,1
20000212,1
20000220,1
20000221,1
20000222,1
20001000,1
20001001,1
20001002,1
20001010,1
20001011,1
20001012,1
20001020,1
20001021,1
20001022,1
20001100,1
20001101,1
20001102,1
20001110,1
20001111,1
20001112,1
20001120,1
20001121,1
20001122,1
20001200,1
20001201,1
20001202,1
20001210,1
20001211,1
20001212,1
20001220,1
20001221,1
20001222,1
20002000,1
20002001,1
20002002,1
20002010,1
20002011,1
20002012,1
20002020,1
20002021,1
20002022,1
20002100,1
20002101,1
20002102,1
20002110,1
20002111,1
20002112,1
20002120,1
20002121,1
20002122,1
20002200,1
20002201,1
20002202,1
20002210,1
20002211,1
20002212,1
20002220,1
20002221,1
20002222,1
20010000,1
20010001,1
20010002,1
20010010,1
20010011,1
20010012,1
20010020,1
20010021,1
20010022,1
20010100,1
20010101,1
20010102,1
20010110,1
20010111,1
20010112,1
20010120,1
20010121,1
20010122,1
20010200,1
20010201,1
20010202,1
20010210,1
20010211,1
20010212,1
20010220,1
20010221,1
20010222,1
20011000,1
20011001,1
20011002,1
20011010,1
20011011,1
20011012,1
20011020,1
20011021,1
20011022,1
20011100,1
20011101,1
20011102,1
20011110,1
20011111,1
20011112,1
20011120,1
20011121,1
20011122,1
20011200,1
20011201,1
20011202,1
20011210,1
20011211,1
20011212,1
20011220,1
20011221,1
20011222,1
20012000,1
20012001,1
20012002,1
20012010,1
20012011,1
20012012,1
20012020,1
20012021,1
20012022,1
20012100,1
20012101,1
20012102,1
20012110,1
20012111,1
20012112,1
20012120,1
20012121,1
20012122,1
20012200,1
20012201,1
20012202,1
20012210,1
20012211,1
20012212,1
20012220,1
20012221,1
20012222,1
20020000,1
20020001,1
20020002,1
20020010,1
20020011,1
20020012,1
20020020,1
20020021,1
20020022,1
20020100,1
20020101,1
20020102,1
20020110,1
20020111,1
20020112,1
20020120,1
20020121,1
20020122,1
20020200,1
20020201,1
20020202,1
20020210,1
20020211,1
20020212,1
20020220,1
20020221,1
20020222,1
20021000,1
20021001,1
20021002,1
20021010,1
20021011,1
20021012,1
20021020,1
20021021,1
20021022,1
20021100,1
20021101,1
20021102,1
20021110,1
20021111,1
20021112,1
20021120,1
20021121,1
20021122,1
20021200,1
20021201,1
20021202,1
20021210,1
20021211,1
20021212,1
20021220,1
20021221,1
20021222,1
20022000,1
20022001,1
20022002,1
20022010,1
20022011,1
20022012,1
20022020,1
20022021,1
20022022,1
20022100,1
20022101,1
20022102,1
20022110,1
20022111,1
20022112,1
20022120,1
20022121,1
20022122,1
20022200,1
20022201,1
20022202,1
20022210,1
20022211,1
20022212,1
20022220,1
20022221,1
20022222,1
20100000,1
20100001,1
20100002,1
20100010,1
20100011,1
20100012,1
20100020,1
20100021,1
20100022,1
20100100,1
20100101,1
20100102,1
20100110,1
20100111,1
20100112,1
20100120,1
20100121,1
20100122,1
20100200,1
20100201,1
20100202,1
20100210,1
20100211,1
20100212,1
20100220,1
20100221,1
20100222,1
20101000,1
20101001,1
20101002,1
20101010,1
20101011,1
20101012,1
20101020,1
20101021,1
20101022,1
20101100,1
20101101,1
20101102,1
20101110,1
20101111,1
20101112,1
20101120,1
20101121,1
20101122,1
20101200,1
20101201,1
20101202,1
20101210,1
20101211,1
20101212,1
20101220,1
20101221,1
20101222,1
20102000,1
20102001,1
20102002,1
20102010,1
20102011,1
20102012,1
20102020,1
20102021,1
20102022,1
20102100,1
20102101,1
20102102,1
20102110,1
20102111,1
20102112,1
20102120,1
20102121,1
20102122,1
20102200,1
20102201,1
20102202,1
20102210,1
20102211,1
20102212,1
20102220,1
20102221,1
20102222,1
20110000,1
20110001,1
20110002,1
20110010,1
20110011,1
20110012,1
20110020,1
20110021,1
20110022,1
20110100,1
20110101,1
20110102,1
20110110,1
20110111,1
20110112,1
20110120,1
20110121,1
20110122,1
20110200,1
20110201,1
20110202,1
20110210,1
20110211,1
20110212,1
20110220,1
20110221,1
20110222,1
20111000,1
20111001,1
20111002,1
20111010,1
20111011,1
20111012,1
20111020,1
20111021,1
20111022,1
20111100,1
20111101,1
20111102,1
20111110,1
20111111,1
20111112,1
20111120,1
20111121,1
20111122,1
20111200,1
20111201,1
20111202,1
20111210,1
20111211,1
20111212,1
20111220,1
20111221,1
20111222,1
20112000,1
20112001,1
20112002,1
20112010,1
20112011,1
20112012,1
20112020,1
20112021,1
20112022,1
20112100,1
20112101,1
20112102,1
20112110,1
20112111,1
20112112,1
20112120,1
20112121,1
20112122,1
20112200,1
20112201,1
20112202,1
20112210,1
20112211,1
20112212,1
20112220,1
20112221,1
20112222,1
20120000,1
20120001,1
20120002,1
20120010,1
20120011,1
20120012,1
20120020,1
20120021,1
20120022,1
20120100,1
20120101,1
20120102,1
20120110,1
20120111,1
20120112,1
20120120,1
20120121,1
20120122,1
20120200,1
20120201,1
20120202,1
20120210,1
20120211,1
20120212,1
20120220,1
20120221,1
20120222,1
20121000,1
20121001,1
20121002,1
20121010,1
20121011,1
20121012,1
20121020,1
20121021,1
20121022,1
20121100,1
20121101,1
20121102,1
20121110,1
20121111,1
20121112,1
20121120,1
20121121,1
20121122,1
20121200,1
20121201,1
20121202,1
20121210,1
20121211,1
20121212,1
20121220,1
20121221,1
20121222,1
20122000,1
20122001,1
20122002,1
20122010,1
20122011,1
20122012,1
20122020,1
20122021,1
20122022,1
20122100,1
20122101,1
20122102,1
20122110,1
20122111,1
20122112,1
20122120,1
20122121,1
20122122,1
20122200,1
20122201,1
20122202,1
20122210,1
20122211,1
20122212,1
20122220,1
20122221,1
20122222,1
20200000,1
20200001,1
20200002,1
20200010,1
20200011,1
20200012,1
20200020,1
20200021,1
20200022,1
20200100,1
20200101,1
20200102,1
20200110,1
20200111,1
20200112,1
20200120,1
20200121,1
20200122,1
20200200,1
20200201,1
20200202,1
20200210,1
20200211,1
20200212,1
20200220,1
20200221,1
20200222,1
20201000,1
20201001,1
20201002,1
20201010,1
20201011,1
20201012,1
20201020,1
20201021,1
20201022,1
20201100,1
20201101,1
20201102,1
20201110,1
20201111,1
20201112,1
20201120,1
20201121,1
20201122,1
20201200,1
20201201,1
20201202,1
20201210,1
20201211,1
20201212,1
20201220,1
20201221,1
20201222,1
20202000,1
20202001,1
20202002,1
20202010,1
20202011,1
20202012,1
20202020,1
20202021,1
20202022,1
20202100,1
20202101,1
20202102,1
20202110,1
20202111,1
20202112,1
20202120,1
20202121,1
20202122,1
20202200,1
20202201,1
20202202,1
20202210,1
20202211,1
20202212,1
20202220,1
20202221,1
20202222,1
20210000,1
20210001,1
20210002,1
20210010,1
20210011,1
20210012,1
20210020,1
20210021,1
20210022,1
20210100,1
20210101,1
20210102,1
20210110,1
20210111,1
20210112,1
20210120,1
20210121,1
20210122,1
20210200,1
20210201,1
20210202,1
20210210,1
20210211,1
20210212,1
20210220,1
20210221,1
20210222,1
20211000,1
20211001,1
20211002,1
20211010,1
20211011,1
20211012,1
20211020,1
20211021,1
20211022,1
20211100,1
20211101,1
20211102,1
20211110,1
20211111,1
20211112,1
20211120,1
20211121,1
20211122,1
20211200,1
20211201,1
20211202,1
20211210,1
20211211,1
20211212,1
20211220,1
20211221,1
20211222,1
20212000,1
20212001,1
20212002,1
20212010,1
20212011,1
20212012,1
20212020,1
20212021,1
20212022,1
20212100,1
20212101,1
20212102,1
20212110,1
20212111,1
20212112,1
20212120,1
20212121,1
20212122,1
20212200,1
20212201,1
20212202,1
20212210,1
20212211,1
20212212,1
20212220,1
20212221,1
20212222,1
20220000,1
20220001,1
20220002,1
20220010,1
20220011,1
20220012,1
20220020,1
20220021,1
20220022,1
20220100,1
20220101,1
20220102,1
20220110,1
20220111,1
20220112,1
20220120,1
20220121,1
20220122,1
20220200,1
20220201,1
20220202,1
20220210,1
20220211,1
20220212,1
20220220,1
20220221,1
20220222,1
20221000,1
20221001,1
20221002,1
20221010,1
20221011,1
20221012,1
20221020,1
20221021,1
20221022,1
20221100,1
20221101,1
20221102,1
20221110,1
20221111,1
20221112,1
20221120,1
20221121,1
20221122,1
20221200,1
20221201,1
20221202,1
20221210,1
20221211,1
20221212,1
20221220,1
20221221,1
20221222,1
20222000,1
20222001,1
20222002,1
20222010,1
20222011,1
20222012,1
20222020,1
20222021,1
20222022,1
20222100,1
20222101,1
20222102,1
20222110,1
20222111,1
20222112,1
20222120,1
20222121,1
20222122,1
20222200,1
20222201,1
20222202,1
20222210,1
20222211,1
20222212,1
20222220,1
20222221,1
20222222,1
21000000,1
21000001,1
21000002,1
21000010,1
21000011,1
21000012,1
21000020,1
21000021,1
21000022,1
21000100,1
21000101,1
21000102,1
21000110,1
21000111,1
21000112,1
21000120,1
21000121,1
21000122,1
21000200,1
21000201,1
21000202,1
21000210,1
21000211,1
21000212,1
21000220,1
21000221,1
21000222,1
21001000,1
21001001,1
21001002,1
21001010,1
21001011,1
21001012,1
21001020,1
21001021,1
21001022,1
21001100,1
21001101,1
21001102,1
21001110,1
21001111,1
21001112,1
21001120,1
21001121,1
21001122,1
21001200,1
21001201,1
21001202,1
21001210,1
21001211,1
21001212,1
21001220,1
21001221,1
21001222,1
21002000,1
21002001,1
21002002,1
21002010,1
21002011,1
21002012,1
21002020,1
21002021,1
21002022,1
21002100,1
21002101,1
21002102,1
21002110,1
21002111,1
21002112,1
21002120,1
21002121,1
21002122,1
21002200,1
21002201,1
21002202,1
21002210,1
21002211,1
21002212,1
21002220,1
21002221,1
21002222,1
21010000,1
21010001,1
21010002,1
21010010,1
21010011,1
21010012,1
21010020,1
21010021,1
21010022,1
21010100,1
21010101,1
21010102,1
21010110,1
21010111,1
21010112,1
21010120,1
21010121,1
21010122,1
21010200,1
21010201,1
21010202,1
21010210,1
21010211,1
21010212,1
21010220,1
21010221,1
21010222,1
21011000,1
21011001,1
21011002,1
21011010,1
21011011,1
21011012,1
21011020,1
21011021,1
21011022,1
21011100,1
21011101,1
21011102,1
21011110,1
21011111,1
21011112,1
21011120,1
21011121,1
21011122,1
21011200,1
21011201,1
21011202,1
21011210,1
21011211,1
21011212,1
21011220,1
21011221,1
21011222,1
21012000,1
21012001,1
21012002,1
21012010,1
21012011,1
21012012,1
21012020,1
21012021,1
21012022,1
21012100,1
21012101,1
21012102,1
21012110,1
21012111,1
21012112,1
21012120,1
21012121,1
21012122,1
21012200,1
21012201,1
21012202,1
21012210,1
21012211,1
21012212,1
21012220,1
21012221,1
21012222,1
21020000,1
21020001,1
21020002,1
21020010,1
21020011,1
21020012,1
21020020,1
21020021,1
21020022,1
21020100,1
21020101,1
21020102,1
21020110,1
21020111,1
21020112,1
21020120,1
21020121,1
21020122,1
21020200,1
21020201,1
21020202,1
21020210,1
21020211,1
21020212,1
21020220,1
21020221,1
21020222,1
21021000,1
21021001,1
21021002,1
21021010,1
21021011,1
21021012,1
21021020,1
21021021,1
21021022,1
21021100,1
21021101,1
21021102,1
21021110,1
21021111,1
21021112,1
21021120,1
21021121,1
21021122,1
21021200,1
21021201,1
21021202,1
21021210,1
21021211,1
21021212,1
21021220,1
21021221,1
21021222,1
21022000,1
21022001,1
21022002,1
21022010,1
21022011,1
21022012,1
21022020,1
21022021,1
21022022,1
21022100,1
21022101,1
21022102,1
21022110,1
21022111,1
21022112,1
21022120,1
21022121,1
21022122,1
21022200,1
21022201,1
21022202,1
21022210,1
21022211,1
21022212,1
21022220,1
21022221,1
21022222,1
21100000,1
21100001,1
21100002,1
21100010,1
21100011,1
21100012,1
21100020,1
21100021,1
21100022,1
21100100,1
21100101,1
21100102,1
21100110,1
21100111,1
21100112,1
21100120,1
21100121,1
21100122,1
21100200,1
21100201,1
21100202,1
21100210,1
21100211,1
21100212,1
21100220,1
21100221,1
21100222,1
21101000,1
21101001,1
21101002,1
21101010,1
21101011,1
21101012,1
21101020,1
21101021,1
21101022,1
21101100,1
21101101,1
21101102,1
21101110,1
21101111,1
21101112,1
21101120,1
21101121,1
21101122,1
21101200,1
21101201,1
21101202,1
21101210,1
21101211,1
21101212,1
21101220,1
21101221,1
21101222,1
21102000,1
21102001,1
21102002,1
21102010,1
21102011,1
21102012,1
21102020,1
21102021,1
21102022,1
21102100,1
21102101,1
21102102,1
21102110,1
21102111,1
21102112,1
21102120,1
21102121,1
21102122,1
21102200,1
21102201,1
21102202,1
21102210,1
21102211,1
21102212,1
21102220,1
21102221,1
21102222,1
21110000,1
21110001,1
21110002,1
21110010,1
21110011,1
21110012,1
21110020,1
21110021,1
21110022,1
21110100,1
21110101,1
21110102,1
21110110,1
21110111,1
21110112,1
21110120,1
21110121,1
21110122,1
21110200,1
21110201,1
21110202,1
21110210,1
21110211,1
21110212,1
21110220,1
21110221,1
21110222,1
21111000,1
21111001,1
21111002,1
21111010,1
21111011,1
21111012,1
21111020,1
21111021,1
21111022,1
21111100,1
21111101,1
21111102,1
21111110,1
21111111,1
21111112,1
21111120,1
21111121,1
21111122,1
21111200,1
21111201,1
21111202,1
21111210,1
21111211,1
21111212,1
21111220,1
21111221,1
21111222,1
21112000,1
21112001,1
21112002,1
21112010,1
21112011,1
21112012,1
21112020,1
21112021,1
21112022,1
21112100,1
21112101,1
21112102,1
21112110,1
21112111,1
21112112,1
21112120,1
21112121,1
21112122,1
21112200,1
21112201,1
21112202,1
21112210,1
21112211,1
21112212,1
21112220,1
21112221,1
21112222,1
21120000,1
21120001,1
21120002,1
21120010,1
21120011,1
21120012,1
21120020,1
21120021,1
21120022,1
21120100,1
21120101,1
21120102,1
21120110,1
21120111,1
21120112,1
21120120,1
21120121,1
21120122,1
21120200,1
21120201,1
21120202,1
21120210,1
21120211,1
21120212,1
21120220,1
21120221,1
21120222,1
21121000,1
21121001,1
21121002,1
21121010,1
21121011,1
21121012,1
21121020,1
21121021,1
21121022,1
21121100,1
21121101,1
21121102,1
21121110,1
21121111,1
21121112,1
21121120,1
21121121,1
21121122,1
21121200,1
21121201,1
21121202,1
21121210,1
21121211,1
21121212,1
21121220,1
21121221,1
21121222,1
21122000,1
21122001,1
21122002,1
21122010,1
21122011,1
21122012,1
21122020,1
21122021,1
21122022,1
21122100,1
21122101,1
21122102,1
21122110,1
21122111,1
21122112,1
21122120,1
21122121,1
21122122,1
21122200,1
21122201,1
21122202,1
21122210,1
21122211,1
21122212,1
21122220,1
21122221,1
21122222,1
21200000,1
21200001,1
21200002,1
21200010,1
21200011,1
21200012,1
21200020,1
21200021,1
21200022,1
21200100,1
21200101,1
21200102,1
21200110,1
21200111,1
21200112,1
21200120,1
21200121,1
21200122,1
21200200,1
21200201,1
21200202,1
21200210,1
21200211,1
21200212,1
21200220,1
21200221,1
21200222,1
21201000,1
21201001,1
21201002,1
21201010,1
21201011,1
21201012,1
21201020,1
21201021,1
21201022,1
21201100,1
21201101,1
21201102,1
21201110,1
21201111,1
21201112,1
21201120,1
21201121,1
21201122,1
21201200,1
21201201,1
21201202,1
21201210,1
21201211,1
21201212,1
21201220,1
21201221,1
21201222,1
21202000,1
21202001,1
21202002,1
21202010,1
21202011,1
21202012,1
21202020,1
21202021,1
21202022,1
21202100,1
21202101,1
21202102,1
21202110,1
21202111,1
21202112,1
21202120,1
21202121,1
21202122,1
21202200,1
21202201,1
21202202,1
21202210,1
21202211,1
21202212,1
21202220,1
21202221,1
21202222,1
21210000,1
21210001,1
21210002,1
21210010,1
21210011,1
21210012,1
21210020,1
21210021,1
21210022,1
21210100,1
21210101,1
21210102,1
21210110,1
21210111,1
21210112,1
21210120,1
21210121,1
21210122,1
21210200,1
21210201,1
21210202,1
21210210,1
21210211,1
21210212,1
21210220,1
21210221,1
21210222,1
21211000,1
21211001,1
21211002,1
21211010,1
21211011,1
21211012,1
21211020,1
21211021,1
21211022,1
21211100,1
21211101,1
21211102,1
21211110,1
21211111,1
21211112,1
21211120,1
21211121,1
21211122,1
21211200,1
21211201,1
21211202,1
21211210,1
21211211,1
21211212,1
21211220,1
21211221,1
21211222,1
21212000,1
21212001,1
21212002,1
21212010,1
21212011,1
21212012,1
21212020,1
21212021,1
21212022,1
21212100,1
21212101,1
21212102,1
21212110,1
21212111,1
21212112,1
21212120,1
21212121,1
21212122,1
21212200,1
21212201,1
21212202,1
21212210,1
21212211,1
21212212,1
21212220,1
21212221,1
21212222,1
21220000,1
21220001,1
21220002,1
21220010,1
21220011,1
21220012,1
21220020,1
21220021,1
21220022,1
21220100,1
21220101,1
21220102,1
21220110,1
21220111,1
21220112,1
21220120,1
21220121,1
21220122,1
21220200,1
21220201,1
21220202,1
21220210,1
21220211,1
21220212,1
21220220,1
21220221,1
21220222,1
21221000,1
21221001,1
21221002,1
21221010,1
21221011,1
21221012,1
21221020,1
21221021,1
21221022,1
21221100,1
21221101,1
21221102,1
21221110,1
21221111,1
21221112,1
21221120,1
21221121,1
21221122,1
21221200,1
21221201,1
21221202,1
21221210,1
21221211,1
21221212,1
21221220,1
21221221,1
21221222,1
21222000,1
21222001,1
21222002,1
21222010,1
21222011,1
21222012,1
21222020,1
21222021,1
21222022,1
21222100,1
21222101,1
21222102,1
21222110,1
21222111,1
21222112,1
21222120,1
21222121,1
21222122,1
21222200,1
21222201,1
21222202,1
21222210,1
21222211,1
21222212,1
21222220,1
21222221,1
21222222,1
22000000,1
22000001,1
22000002,1
22000010,1
22000011,1
22000012,1
22000020,1
22000021,1
22000022,1
22000100,1
22000101,1
22000102,1
22000110,1
22000111,1
22000112,1
22000120,1
22000121,1
22000122,1
22000200,1
22000201,1
22000202,1
22000210,1
22000211,1
22000212,1
22000220,1
22000221,1
22000222,1
22001000,1
22001001,1
22001002,1
22001010,1
22001011,1
22001012,1
22001020,1
22001021,1
22001022,1
22001100,1
22001101,1
22001102,1
22001110,1
22001111,1
22001112,1
22001120,1
22001121,1
22001122,1
22001200,1
22001201,1
22001202,1
22001210,1
22001211,1
22001212,1
22001220,1
22001221,1
22001222,1
22002000,1
22002001,1
22002002,1
22002010,1
22002011,1
22002012,1
22002020,1
22002021,1
22002022,1
22002100,1
22002101,1
22002102,1
22002110,1
22002111,1
22002112,1
22002120,1
22002121,1
22002122,1
22002200,1
22002201,1
22002202,1
22002210,1
22002211,1
22002212,1
22002220,1
22002221,1
22002222,1
22010000,1
22010001,1
22010002,1
22010010,1
22010011,1
22010012,1
22010020,1
22010021,1
22010022,1
22010100,1
22010101,1
22010102,1
22010110,1
22010111,1
22010112,1
22010120,1
22010121,1
22010122,1
22010200,1
22010201,1
22010202,1
22010210,1
22010211,1
22010212,1
22010220,1
22010221,1
22010222,1
22011000,1
22011001,1
22011002,1
22011010,1
22011011,1
22011012,1
22011020,1
22011021,1
22011022,1
22011100,1
22011101,1
22011102,1
22011110,1
22011111,1
22011112,1
22011120,1
22011121,1
22011122,1
22011200,1
22011201,1
22011202,1
22011210,1
22011211,1
22011212,1
22011220,1
22011221,1
22011222,1
22012000,1
22012001,1
22012002,1
22012010,1
22012011,1
22012012,1
22012020,1
22012021,1
22012022,1
22012100,1
22012101,1
22012102,1
22012110,1
22012111,1
22012112,1
22012120,1
22012121,1
22012122,1
22012200,1
22012201,1
22012202,1
22012210,1
22012211,1
22012212,1
22012220,1
22012221,1
22012222,1
22020000,1
22020001,1
22020002,1
22020010,1
22020011,1
22020012,1
22020020,1
22020021,1
22020022,1
22020100,1
22020101,1
22020102,1
22020110,1
22020111,1
22020112,1
22020120,1
22020121,1
22020122,1
22020200,1
22020201,1
22020202,1
22020210,1
22020211,1
22020212,1
22020220,1
22020221,1
22020222,1
22021000,1
22021001,1
22021002,1
22021010,1
22021011,1
22021012,1
22021020,1
22021021,1
22021022,1
22021100,1
22021101,1
22021102,1
22021110,1
22021111,1
22021112,1
22021120,1
22021121,1
22021122,1
22021200,1
22021201,1
22021202,1
22021210,1
22021211,1
22021212,1
22021220,1
22021221,1
22021222,1
22022000,1
22022001,1
22022002,1
22022010,1
22022011,1
22022012,1
22022020,1
22022021,1
22022022,1
22022100,1
22022101,1
22022102,1
22022110,1
22022111,1
22022112,1
22022120,1
22022121,1
22022122,1
22022200,1
22022201,1
22022202,1
22022210,1
22022211,1
22022212,1
22022220,1
22022221,1
22022222,1
22100000,1
22100001,1
22100002,1
22100010,1
22100011,1
22100012,1
22100020,1
22100021,1
22100022,1
22100100,1
22100101,1
22100102,1
22100110,1
22100111,1
22100112,1
22100120,1
22100121,1
22100122,1
22100200,1
22100201,1
22100202,1
22100210,1
22100211,1
22100212,1
22100220,1
22100221,1
22100222,1
22101000,1
22101001,1
22101002,1
22101010,1
22101011,1
22101012,1
22101020,1
22101021,1
22101022,1
22101100,1
22101101,1
22101102,1
22101110,1
22101111,1
22101112,1
22101120,1
22101121,1
22101122,1
22101200,1
22101201,1
22101202,1
22101210,1
22101211,1
22101212,1
22101220,1
22101221,1
22101222,1
22102000,1
22102001,1
22102002,1
22102010,1
22102011,1
22102012,1
22102020,1
22102021,1
22102022,1
22102100,1
22102101,1
22102102,1
22102110,1
22102111,1
22102112,1
22102120,1
22102121,1
22102122,1
22102200,1
22102201,1
22102202,1
22102210,1
22102211,1
22102212,1
22102220,1
22102221,1
22102222,1
22110000,1
22110001,1
22110002,1
22110010,1
22110011,1
22110012,1
22110020,1
22110021,1
22110022,1
22110100,1
22110101,1
22110102,1
22110110,1
22110111,1
22110112,1
22110120,1
22110121,1
22110122,1
22110200,1
22110201,1
22110202,1
22110210,1
22110211,1
22110212,1
22110220,1
22110221,1
22110222,1
22111000,1
22111001,1
22111002,1
22111010,1
22111011,1
22111012,1
22111020,1
22111021,1
22111022,1
22111100,1
22111101,1
22111102,1
22111110,1
22111111,1
22111112,1
22111120,1
22111121,1
22111122,1
22111200,1
22111201,1
22111202,1
22111210,1
22111211,1
22111212,1
22111220,1
22111221,1
22111222,1
22112000,1
22112001,1
22112002,1
22112010,1
22112011,1
22112012,1
22112020,1
22112021,1
22112022,1
22112100,1
22112101,1
22112102,1
22112110,1
22112111,1
22112112,1
22112120,1
22112121,1
22112122,1
22112200,1
22112201,1
22112202,1
22112210,1
22112211,1
22112212,1
22112220,1
22112221,1
22112222,1
22120000,1
22120001,1
22120002,1
22120010,1
22120011,1
22120012,1
22120020,1
22120021,1
22120022,1
22120100,1
22120101,1
22120102,1
22120110,1
22120111,1
22120112,1
22120120,1
22120121,1
22120122,1
22120200,1
22120201,1
22120202,1
22120210,1
22120211,1
22120212,1
22120220,1
22120221,1
22120222,1
22121000,1
22121001,1
22121002,1
22121010,1
22121011,1
22121012,1
22121020,1
22121021,1
22121022,1
22121100,1
22121101,1
22121102,1
22121110,1
22121111,1
22121112,1
22121120,1
22121121,1
22121122,1
22121200,1
22121201,1
22121202,1
22121210,1
22121211,1
22121212,1
22121220,1
22121221,1
22121222,1
22122000,1
22122001,1
22122002,1
22122010,1
22122011,1
22122012,1
22122020,1
22122021,1
22122022,1
22122100,1
22122101,1
22122102,1
22122110,1
22122111,1
22122112,1
22122120,1
22122121,1
22122122,1
22122200,1
22122201,1
22122202,1
22122210,1
22122211,1
22122212,1
22122220,1
22122221,1
22122222,1
22200000,1
22200001,1
22200002,1
22200010,1
22200011,1
22200012,1
22200020,1
22200021,1
22200022,1
22200100,1
22200101,1
22200102,1
22200110,1
22200111,1
22200112,1
22200120,1
22200121,1
22200122,1
22200200,1
22200201,1
22200202,1
22200210,1
22200211,1
22200212,1
22200220,1
22200221,1
22200222,1
22201000,1
22201001,1
22201002,1
22201010,1
22201011,1
22201012,1
22201020,1
22201021,1
22201022,1
22201100,1
22201101,1
22201102,1
22201110,1
22201111,1
22201112,1
22201120,1
22201121,1
22201122,1
22201200,1
22201201,1
22201202,1
22201210,1
22201211,1
22201212,1
22201220,1
22201221,1
22201222,1
22202000,1
22202001,1
22202002,1
22202010,1
22202011,1
22202012,1
22202020,1
22202021,1
22202022,1
22202100,1
22202101,1
22202102,1
22202110,1
22202111,1
22202112,1
22202120,1
22202121,1
22202122,1
22202200,1
22202201,1
22202202,1
22202210,1
22202211,1
22202212,1
22202220,1
22202221,1
22202222,1
22210000,1
22210001,1
22210002,1
22210010,1
22210011,1
22210012,1
22210020,1
22210021,1
22210022,1
22210100,1
22210101,1
22210102,1
22210110,1
22210111,1
22210112,1
22210120,1
22210121,1
22210122,1
22210200,1
22210201,1
22210202,1
22210210,1
22210211,1
22210212,1
22210220,1
22210221,1
22210222,1
22211000,1
22211001,1
22211002,1
22211010,1
22211011,1
22211012,1
22211020,1
22211021,1
22211022,1
22211100,1
22211101,1
22211102,1
22211110,1
22211111,1
22211112,1
22211120,1
22211121,1
22211122,1
22211200,1
22211201,1
22211202,1
22211210,1
22211211,1
22211212,1
22211220,1
22211221,1
22211222,1
22212000,1
22212001,1
22212002,1
22212010,1
22212011,1
22212012,1
22212020,1
22212021,1
22212022,1
22212100,1
22212101,1
22212102,1
22212110,1
22212111,1
22212112,1
22212120,1
22212121,1
22212122,1
22212200,1
22212201,1
22212202,1
22212210,1
22212211,1
22212212,1
22212220,1
22212221,1
22212222,1
22220000,1
22220001,1
22220002,1
22220010,1
22220011,1
22220012,1
22220020,1
22220021,1
22220022,1
22220100,1
22220101,1
22220102,1
22220110,1
22220111,1
22220112,1
22220120,1
22220121,1
22220122,1
22220200,1
22220201,1
22220202,1
22220210,1
22220211,1
22220212,1
22220220,1
22220221,1
22220222,1
22221000,1
22221001,1
22221002,1
22221010,1
22221011,1
22221012,1
22221020,1
22221021,1
22221022,1
22221100,1
22221101,1
22221102,1
22221110,1
22221111,1
22221112,1
22221120,1
22221121,1
22221122,1
22221200,1
22221201,1
22221202,1
22221210,1
22221211,1
22221212,1
22221220,1
22221221,1
22221222,1
22222000,1
22222001,1
22222002,1
22222010,1
22222011,1
22222012,1
22222020,1
22222021,1
22222022,1
22222100,1
22222101,1
22222102,1
22222110,1
22222111,1
22222112,1
22222120,1
22222121,1
22222122,1
22222200,1
22222201,1
22222202,1
22222210,1
22222211,1
22222212,1
22222220,1
22222221,1
22222222,1
